TDSFU Daily run: Sun Oct 26 18:31:12 UTC 2025 TDSFU
TDSFU Daily run: Sun Oct 26 18:34:58 UTC 2025 TDSFU
TDSFU Daily run: Mon Oct 27 04:39:42 UTC 2025 TDSFU
TDSFU Daily run: Tue Oct 28 04:34:01 UTC 2025 TDSFU
TDSFU Daily run: Wed Oct 29 04:37:39 UTC 2025 TDSFU
TDSFU Daily run: Thu Oct 30 04:33:35 UTC 2025 TDSFU
TDSFU Daily run: Fri Oct 31 04:43:49 UTC 2025 TDSFU
TDSFU Daily run: Sat Nov  1 04:31:05 UTC 2025 TDSFU
TDSFU Daily run: Sun Nov  2 04:33:36 UTC 2025 TDSFU
TDSFU Daily run: Mon Nov  3 04:39:08 UTC 2025 TDSFU
